{"ProjectId": 24.851891040802002, "Version": 25.00498676300049, "Patch": 25.031906366348267, "BuildId": 25.08137035369873, "MainboardId": 24.967246055603027, "ChassisSerialNumber": 25.030731678009033, "state": 25.048903226852417, "Livetime[s]": 24.990837335586548, "Uptime[s]": 25.03188133239746, "warnings": 25.035449504852295, "errors": 25.054611921310425, "Stack-ProductCode": 25.041382789611816, "Stack-Cycles": 25.01336169242859, "Stack-Runtime[s]": 25.03454303741455, "Stack-H2[NL]": 25.020228147506714, "Stack-H2-Flow[NL/hour]": 24.95037531852722, "Stack-SerialNumber": 25.11203145980835, "CoolingType": 25.02131986618042, "Electrolyser": 25.051923274993896, "Configuration-InProgress": 25.004705667495728, "Configuration-OverModbus": 25.011752128601074, "Configuration-LastResult": 25.050007581710815, "Configuration-InvalidatedHolding": 24.983999013900757, "Heartbeat": 25.032230615615845, "LSH102B_in": 25.055670022964478, "LSHH102A_in": 25.04011559486389, "LSL102D_in": 25.009505033493042, "LSM102C_in": 25.022034406661987, "PSH102_in": 25.049947261810303, "TSH108_in": 24.974446296691895, "WPS104_in": 25.05225133895874, "DRYCONTACT_in": 25.01693892478943, "F103A_in_rpm": 25.080838680267334, "F104B_in_rpm": 24.98339009284973, "F108C_in_rpm": 24.99966859817505, "FM106_in_lmin": 25.029124975204468, "HASS_in_a": 25.012434482574463, "PSU_in_v": 25.063384294509888, "PT101A_in_bar": 25.003734588623047, "PT101C_in_bar": 25.010804176330566, "PT105_in_bar": 25.04377269744873, "TT102A_in_c": 25.00884509086609, "TT106_in_c": 25.05338215827942, "V24_in_v": 25.036030769348145, "BOARD_in_c": 25.0304594039917, "HT104_in_ppm": 24.991835832595825, "TE108_in_c": 25.059427738189697, "PT101C_in_v": 24.99250555038452, "HASS_in_v": 25.035767078399658}